{"cameraMode":{"drawMode":0,"name":"Shaded","section":"Shading Mode"},"sceneLighting":true,"audioPlay":false,"sceneViewState":{"showFog":true,"showMaterialUpdate":false,"showSkybox":true,"showFlares":true,"showImageEffects":true,"showParticleSystems":true},"in2DMode":false,"pivot":{"x":3.7410521507263185,"y":1.8376364707946778,"z":-1.935050368309021},"rotation":{"x":-0.1550903618335724,"y":0.37262651324272158,"z":-0.06331697851419449,"w":-0.9127426147460938},"size":2.2942614555358888,"orthographic":false}