{"cameraMode":{"drawMode":0,"name":"Shaded","section":"Shading Mode"},"sceneLighting":true,"audioPlay":false,"sceneViewState":{"showFog":true,"showMaterialUpdate":false,"showSkybox":true,"showFlares":true,"showImageEffects":true,"showParticleSystems":true},"in2DMode":false,"pivot":{"x":-0.05322265625,"y":1.68212890625,"z":0.763671875},"rotation":{"x":-0.20618486404418946,"y":-0.27123260498046877,"z":0.05960272252559662,"w":-0.9382820725440979},"size":7.107551574707031,"orthographic":true}