{"cameraMode":{"drawMode":0,"name":"Shaded","section":"Shading Mode"},"sceneLighting":false,"audioPlay":false,"sceneViewState":{"showFog":true,"showMaterialUpdate":false,"showSkybox":false,"showFlares":true,"showImageEffects":true,"showParticleSystems":true},"in2DMode":false,"pivot":{"x":0.11063003540039063,"y":-0.40547072887420657,"z":0.4005706310272217},"rotation":{"x":-0.34021714329719546,"y":-0.14114910364151,"z":0.05173278972506523,"w":-0.9282528758049011},"size":8.006999015808106,"orthographic":false}